Company Name,Company Type,Website,Company LinkedIn,Industry,Location,Employee Size,Recruiter Team Size,Contact Name,Designation,Email,Phone / WhatsApp,Contact LinkedIn,Hiring Activity,Recruiter Hiring,Funding Activity,LinkedIn Activity,Job Postings Active,Company Growth,Next Action,Due Date,Priority,Est. MRR,Stage
"Bakers Circle India Pvt. Ltd., Kashipur",,,,,"Noida, Uttar Pradesh, India",,,vichitra kumar chauhan,HR Executive,,9927096590,https://www.linkedin.com/in/ACoAAAPdihYBRXBJBQ7y54A0gEqsItUimhCEk-Q,,,,,,,,,,,
Infinx Technology Solutions Pvt. Ltd.,,,,,Mumbai Metropolitan Region,,,Pooja Mehendale,Chief Human Resources Officer,,,https://www.linkedin.com/in/ACoAAAPibM4BNYrgYUhdVwSBSimYULs1QGtbClw,,,,,,,,,,,
SYSINTELLI SOFTWARE AND SERVICES PRIVATE LIMITED,,,,,"Hyderabad, Telangana, India",,,Padmavathi Lakkimsetti,HR IT Recruiter at Sysintelli Software and Service Pvt ltd.,,9705732385,https://www.linkedin.com/in/ACoAACuWsQoB-CyyjqBLaC4GMVEgW_ax_LgPt7A,,,,,,,,,,,
Institute of Management Studies (IMS) Ghaziabad - Business School,,,,,Greater Delhi Area,,,Gaurav Jain (गौरव जैन),Human Resources Manager,,8810602889,https://www.linkedin.com/in/ACoAABUk08YBFzW95VOoXclDdz_mpiExocbkj4o,,,,,,,,,,,
THE BOMBAY DYEING AND MANUFACTURING COMPANY LIMITED,,,,,"Mumbai, Maharashtra, India",,,Lydia Naik,Head of Human Resources,,,https://www.linkedin.com/in/ACoAAAKDxNEBEKGxAKZK9xmru0HQpXt-AydUuqg,,,,,,,,,,,
Ittiam Systems Pvt Ltd,,,,,"Bengaluru, Karnataka, India",,,Sushree Patnaik,Head of Human Resources,,,https://www.linkedin.com/in/ACoAAAMTu9QBRotVFey3-m8SIa__7vqqT8RhV2w,,,,,,,,,,,
Dr. Reddy's and Nestlé Health Science Limited,,,,,"Hyderabad, Telangana, India",,,Aaron Trevor DSouza,Head of Human Resources,,,https://www.linkedin.com/in/ACoAAALvdwMBPsf6C3POU-LzuMiWqR53hcWT5I4,,,,,,,,,,,
Intermax Services Private Limited,,,,,"Navi Mumbai, Maharashtra, India",,,Varsha P.,Head of Human Resources,,7208504229,https://www.linkedin.com/in/ACoAAAfnVPIBtX3bj0KhS-k1IH9zT_POnRdBUso,,,,,,,,,,,
Bentel Associates International (Pty) Ltd,,,,,Mumbai Metropolitan Region,,,Ravi Gangwani,Head of Human Resources,,,https://www.linkedin.com/in/ACoAAAFvQhABEmhwuR_NYjrT67KF5x-al2tQ3Xg,,,,,,,,,,,
Sahaj e-Village Ltd.,,,,,"Kolkata, West Bengal, India",,,Kedar Nath Mukherjee,Head of Human Resources,,,https://www.linkedin.com/in/ACoAAAUcLHABU_uIni6etP8BlXksXViQ0RKCz0w,,,,,,,,,,,
University of Southampton Delhi,,,,,"Navi Mumbai, Maharashtra, India",,,Uttara Sawant (L.I.O.N),Head of Human Resources,,,https://www.linkedin.com/in/ACoAAACrzVAB6gRUXvwEOfuzfzcPtPM4z8T74OI,,,,,,,,,,,
Paradise Group Builders & Developers,,,,,"Mumbai, Maharashtra, India",,,Satish Bhivsar,Head of Human Resources,,,https://www.linkedin.com/in/ACoAAALEXAoB4I4SF7I6cMdBy9e9ji6VW6Xx3Z0,,,,,,,,,,,
Eurofins IT Solutions India Pvt. Ltd,,,,,"Bengaluru, Karnataka, India",,,Priti Nagi,Head of Human Resources,,,https://www.linkedin.com/in/ACoAAAEd1boBSh6F5Dpems2ERw5ZhP948n2V8t8,,,,,,,,,,,
Kabra Extrusiontechnik Ltd,,,,,"Mumbai, Maharashtra, India",,,Abhishek Rahate,Chief Human Resources Officer,,,https://www.linkedin.com/in/ACoAAAf9IzgBTM0Qi83C57rmhT3P09RehTAWoEs,,,,,,,,,,,
LADERA TECHNOLOGY,,,,,"Chennai, Tamil Nadu, India",,,Srikarthik Karunakaran,Head of Human Resources,,,https://www.linkedin.com/in/ACoAAAEd8YsBQMKHDakMH5M8kYL2zJcm1iGahxk,,,,,,,,,,,
"ASTEC LIFESCIENCES LIMITED, Godrej Agrovet Subsidiary",,,,,"Mumbai, Maharashtra, India",,,Vijayalakshmi Iyer,Head of Human Resources,,,https://www.linkedin.com/in/ACoAAAJqrW4BcTo6qm8JrQnspUDiXTFUxP9xrh8,,,,,,,,,,,
Jai Raj Ispat Limited ( Integrated steel plant),,,,,"Hyderabad, Telangana, India",,,Mohan C.,Head of Human Resources,,,https://www.linkedin.com/in/ACoAAAFIQlIB-35hYC_fLWNIUKTrPoeoHk1G0hE,,,,,,,,,,,
Buniyad Realty Limited,,,,,"Noida, Uttar Pradesh, India",,,Meenakshi Srivastava,EA to CMD & CHRO,,,https://www.linkedin.com/in/ACoAAAS45aMBhsukPjBnVcMqtYS4yGOTxzhLezo,,,,,,,,,,,
"Hindalco Industries Limited, Belur Unit, Kolkata",,,,,"Kolkata, West Bengal, India",,,Jamal Ahmad,Head of Human Resources,,8935042224,https://www.linkedin.com/in/ACoAAAOdz1IBTSGgQOZYK8m_d3RBfuCym9SOc3c,,,,,,,,,,,
Gulf Oil Lubricants India Ltd,,,,,"Mumbai, Maharashtra, India",,,Anand Sathaye,Head of Human Resources,,,https://www.linkedin.com/in/ACoAAAb1GDEBk4zbNlnZwL9_BNs6HyZqLFUptQY,,,,,,,,,,,
Raheja Universal Limited,,,,,"Mumbai, Maharashtra, India",,,Darshana Adsule,Head of Human Resources,,,https://www.linkedin.com/in/ACoAABXU1jsB3ZDB_utKpVOcvwWMY1jpY0qsR5U,,,,,,,,,,,
Sony Research India,,,,,"Bengaluru, Karnataka, India",,,Niveditha Mandappa,Head of Human Resources,,,https://www.linkedin.com/in/ACoAAArfQZcBFuhljzDCduyNLSpYoC956m5zx_A,,,,,,,,,,,
"Jindal India Renewable Energy, Promoted by BC Jindal Group",,,,,"Gurugram, Haryana, India",,,NITIN PAL,Head of Human Resources,,,https://www.linkedin.com/in/ACoAAAIKGqEBquxJ1TiLdMh-nT9KXNqYaDShQzU,,,,,,,,,,,
Qucev Technologies Private Limited,,,,,"Hyderabad, Telangana, India",,,Sanjeev kumar Isukapalli,Head of Human Resources,,9347470166,https://www.linkedin.com/in/ACoAAALeRLEBbRq0GQT3dOI7gZU7O6sAxJXvCBU,,,,,,,,,,,
Britannia Industries Limited,,,,,"Kolkata, West Bengal, India",,,AJAY KUMAR MISHRA,Human Resources Officer,,8017772273,https://www.linkedin.com/in/ACoAABfiHE0BDSEG4Qh0s7afwsQrqFj1IYH2MFw,,,,,,,,,,,
Aavishkaar Group,,,,,"Mumbai, Maharashtra, India",,,Prakhar Ranjan,Head of Human Resources,,,https://www.linkedin.com/in/ACoAADgDa28B5mjnJbNhlKAgsMEB-XhBjdCGa8g,,,,,,,,,,,
Drivestream,,,,,"Chennai, Tamil Nadu, India",,,Sivakumaran Arumugam,Head of Talent Acquisition,,,https://www.linkedin.com/in/ACoAAAEzWAkBMXtqrvbZMD8zgY9KpL6ReUql5lM,,,,,,,,,,,
EAST INDIA TECHNOLOGIES PVT. LTD.,,,,,"Noida, Uttar Pradesh, India",,,Monica Bedi,Plant Human Resources Manager,,9582485826,https://www.linkedin.com/in/ACoAADVLN8QBEXQNWx-up5ezaBlWV1kePPYEyow,,,,,,,,,,,
Hexagon India,,,,,"Gurugram, Haryana, India",,,Abhishek Kaushik,Head of Human Resources,,,https://www.linkedin.com/in/ACoAAAlOv2QBnjREqEAYnGicLEMGXhqsbTPRtq4,,,,,,,,,,,
Expression 360 services India Ltd.,,,,,"Delhi, India",,,Bhanu Sabharwal,Head of Human Resources,,,https://www.linkedin.com/in/ACoAAAO6LvcBzunkYYBmn7NHJpSS4mIIaRDfQ_w,,,,,,,,,,,
Tata Consultancy Services,,,,,"Mumbai, Maharashtra, India",,,Poonam Ghuge,"Recruiter, Talent Acquisition Group - Australia",,,https://www.linkedin.com/in/ACoAAAZcfE4Bjr7HOTCbSVRiRAiVHF8WzQ7UN6c,,,,,,,,,,,
Eveready Industries India Ltd,,,,,"Kolkata, West Bengal, India",,,Deepika Singh,Area Manager,,,https://www.linkedin.com/in/ACoAAAVMxAABkiCq7VGX9id9SUgwuPJsTyKvIn8,,,,,,,,,,,
Kancor Ingredients Limited,,,,,"Bengaluru, Karnataka, India",,,Jismie Jose,Head of Human Resources,,,https://www.linkedin.com/in/ACoAAAcf31UBG8nP7XwScX2g2JNgzS-W27qoR7Y,,,,,,,,,,,
HYUNDAI MOTOR INDIA ENGINEERING,,,,,"Hyderabad, Telangana, India",,,Lakshmi NVN,Head of Human Resources,,9963894268,https://www.linkedin.com/in/ACoAAAonTZYB03_dLJRNb-Oiirw8cCTkx2Xo_7M,,,,,,,,,,,
Skytel Outsourcing Pvt Ltd,,,,,"Kolkata, West Bengal, India",,,Swagata Bhattacharjee,HR Executive,,9475242006,https://www.linkedin.com/in/ACoAABxpHagBjykVVbUcm1av1KIc2bdoNe2JcHI,,,,,,,,,,,
Zelar,,,,,"Hyderabad, Telangana, India",,,Jyothi Snvs,Head of Human Resources,,,https://www.linkedin.com/in/ACoAAAD6rcEBIE_H0N3qb_9LvvtADPn2oRuqtVs,,,,,,,,,,,
Motilal Oswal Asset Management Company Ltd.,,,,,"Mumbai, Maharashtra, India",,,Richa Mishra,Head of Human Resources,,,https://www.linkedin.com/in/ACoAAALPQ4EB10Xm0NGylE8sdL7WegeVISYsqMk,,,,,,,,,,,
Sysveda Information Technology,,,,,"Chennai, Tamil Nadu, India",,,Veeramani Lakshmipathi,HR Executive,,8012992281,https://www.linkedin.com/in/ACoAADHccKkBKAri0bxCrtVvG0CYShiPuxsvlNw,,,,,,,,,,,
BDP Consulting Private Limited,,,,,"Mumbai, Maharashtra, India",,,Anmol Chhatwal,Head of Human Resources,,8210791433,https://www.linkedin.com/in/ACoAAB7iiEEBm_BwtdwLxsLnTZqiXsNHE3pmDi8,,,,,,,,,,,
Deloitte,,,,,"Hyderabad, Telangana, India",,,Sheetal Premchand,Human Resources Analyst,,,https://www.linkedin.com/in/ACoAABF4ur4BVNLZXShY1ToeGhw8foo6UzunFcU,,,,,,,,,,,
Excelon Solutions,,,,,"Noida, Uttar Pradesh, India",,,Prakhar Somani,Head of Human Resources,,,https://www.linkedin.com/in/ACoAAB348NgBpDqvvN5Q9YKnL-KRiBGRXDxmMxc,,,,,,,,,,,
BITS Pilani Digital,,,,,"Mumbai, Maharashtra, India",,,Ankita Saple,Head of Human Resources,,,https://www.linkedin.com/in/ACoAAAgiB8sBHwIAOttFJ7PXc5KgN1J9zE0scYY,,,,,,,,,,,
First Focus Business Solutions Private Limited,,,,,"Chennai, Tamil Nadu, India",,,SHERLY J,HR Executive,,9025960592,https://www.linkedin.com/in/ACoAAEQLFvgB-NcROEuD147jhgJV7alImaSYWAM,,,,,,,,,,,
Udaan Technologies Pvt.Ltd.,,,,,,,,Ritesh Satia,,,"9717380162, +91 60821 36626, +919810421963",https://www.linkedin.com/in/ACoAAAwWqCcBOjsG9dXTxPwTxXWdZ2VG62a8y1g,,,,,,,,,,,
Step by Step international School,,,,,"Delhi, India",,,Anjali Khanna,Head of Human Resources,,,https://www.linkedin.com/in/ACoAAAGe0zABACNs2u5Hj85Gxn_tnagoDIzAAOI,,,,,,,,,,,
Pfizer,,,,,"Mumbai, Maharashtra, India",,,Reshma Parida,"Senior Director HR, Pfizer Global Supply - SMO and APAC",,,https://www.linkedin.com/in/ACoAAADoRaMB_MT99pQHQDm4WuxoR_Fb49k6a6c,,,,,,,,,,,
Accenture,,,,,"Gurugram, Haryana, India",,,Twinkle Tripathi,HR Manager,,,https://www.linkedin.com/in/ACoAADo0uGYBvKosO0rIgTxO9Xt-28ujDwEBhOI,,,,,,,,,,,
Innovatix Technology Partners,,,,,"Chennai, Tamil Nadu, India",,,Sri Priya,Technical Recruiter,,8563907416,https://www.linkedin.com/in/ACoAACy9J34BAzMRecAcPYoq4tTywl60w_s1mEk,,,,,,,,,,,
Baghirathi Travel Solutions Private Limited,,,,,"Bengaluru, Karnataka, India",,,Devaraj RS,Head of Human Resources,,,https://www.linkedin.com/in/ACoAABHXZzwBp14lh5PA_ip1gZXy9ZtJBiX4WXI,,,,,,,,,,,
Mrs. Bectors Food Specialities Ltd.(Cremica and English Oven),,,,,"Kolkata, West Bengal, India",,,Sampurna Sen,HR Executive,,7001149115,https://www.linkedin.com/in/ACoAADdnGLcBwoMVD6AWnWuhDS7OafDtxtHr_F0,,,,,,,,,,,
Plumtrips.com,,,,,Greater Bengaluru Area,,,Ajay Kumar,Head of Human Resources,,,https://www.linkedin.com/in/ACoAABpi8xoBqGy29JQsqv3L9jU75x1oDCXRuec,,,,,,,,,,,
Infinity Learn,,,,,"Hyderabad, Telangana, India",,,Om Narayan Rai,Head of Human Resources,,,https://www.linkedin.com/in/ACoAAADS0akBfcJL748KoCJiK86o2IFvktZ3eU4,,,,,,,,,,,
Udaan Technologies Pvt.Ltd.,,,,,"Noida, Uttar Pradesh, India",,,Ritesh Satia,HR Executive,,,https://www.linkedin.com/in/ACoAAAwWqCcBOjsG9dXTxPwTxXWdZ2VG62a8y1g,,,,,,,,,,,
Fourth Partner Energy,,,,,"Hyderabad, Telangana, India",,,Dr. Anjali Desai (Bhole),Head of Human Resources,,,https://www.linkedin.com/in/ACoAAADb9gEBaKCBmxh0MFj7WBEFTnZaQiC-HGI,,,,,,,,,,,
GunjanApps Studios and Solutions LLP,,,,,Greater Kolkata Area,,,Ananya Das,Head of Human Resources,,8420698609,https://www.linkedin.com/in/ACoAACoQTsgBgQOftceASHcOvtS9Nr1DsWzlI_Y,,,,,,,,,,,
EssentiallySports,,,,,"Mumbai, Maharashtra, India",,,Papun Dutta,Head of Human Resources,,,https://www.linkedin.com/in/ACoAAAMmxPsBBxUAFOLu9jWVpQ77WeQnHxVLKqg,,,,,,,,,,,
Collectius,,,,,"Secunderābād, Telangana, India",,,Divisha Jain,Head of Human Resources,,,https://www.linkedin.com/in/ACoAAAoI7a8BQ17fMXyATwJXk0lmHocmCFHG8iY,,,,,,,,,,,
Alcatel-Lucent Enterprise,,,,,"Bengaluru, Karnataka, India",,,Shwetha K N,Assistant Manager Human Resources,,,https://www.linkedin.com/in/ACoAABu86IAB7SKXNeenQDR9pt73ybc-njndnDY,,,,,,,,,,,
NITARA (GormalOne LLP),,,,,"Mumbai, Maharashtra, India",,,Luv kumar Ambwani,Head of Human Resources,,8767875810,https://www.linkedin.com/in/ACoAAAwPTuoBZ47i8PKrl85NcTK4x4F8fe4TgRM,,,,,,,,,,,
Advisoropedia,,,,,"Bengaluru, Karnataka, India",,,PawanKumar Sharma,Chief Technology Officer,,9620611755,https://www.linkedin.com/in/ACoAAA07P7UBiCDNhClUXH9QSfaV6BgC01FHDXM,,,,,,,,,,,
Intellicar,,,,,"Bengaluru, Karnataka, India",,,Padmini Veeranki,Head of Human Resources,,,https://www.linkedin.com/in/ACoAAAv-Jg8BZ-Y39-DD34O7IbFAdHhBVPWGpyk,,,,,,,,,,,
Qualcomm,,,,,"Bengaluru, Karnataka, India",,,Abhishekta Pandey,Global Talent Acquisition Specialist,,,https://www.linkedin.com/in/ACoAABmwioABYCLAGt2lTGx0e7C5bXQ8mb7rNtg,,,,,,,,,,,
Multiples Alternate Asset Management,,,,,"Mumbai, Maharashtra, India",,,Shanil Verma,Head of Human Resources,,,https://www.linkedin.com/in/ACoAAACxmXUBvClKyj_vGD-VGqr6W1Sbb-Yr0YY,,,,,,,,,,,
NISSI ENGINEERING SOLUTION PVT LTD,,,,,"Chennai, Tamil Nadu, India",,,David Livingston,Senior Executive Human Resources,,9841502375,https://www.linkedin.com/in/ACoAABNfFtABhH2Y8XpW805n_V0e9s4SeNbLuPo,,,,,,,,,,,
Walta Elite,,,,,"New Delhi, Delhi, India",,,HR Anshu Tyagi,Head Human Resources Administrative,,9355120764,https://www.linkedin.com/in/ACoAADPCQYcBk0Qz9qr7QEEfxQTEDkOCKRZh7X8,,,,,,,,,,,
Legrand,,,,,"Mumbai, Maharashtra, India",,,Kejal Thakkar,Head of Human Resources,,,https://www.linkedin.com/in/ACoAAAMYoccB84vOTi40g74miwgCw_PThej0RHw,,,,,,,,,,,
Orchid University,,,,,"Noida, Uttar Pradesh, India",,,Smiti Shankar,Head of Human Resources,,7982684365,https://www.linkedin.com/in/ACoAABouR-QBPqNfEOTUn8kBqTV-DeVtvhhF5qw,,,,,,,,,,,
Royal Pepper Hotel & Resorts,,,,,"Rewari, Haryana, India",,,Ranjan Kumar,Head of Human Resources,,,https://www.linkedin.com/in/ACoAAAUnIGUBQeAn08Haz9JUq1yzGiiZ3a0BskE,,,,,,,,,,,
Birla Estates,,,,,"Mumbai, Maharashtra, India",,,Nisha Dubey,Head of Human Resources,,,https://www.linkedin.com/in/ACoAAADpNHcBfdm04CN6F_4P_5fKvlXmEhKBVLU,,,,,,,,,,,
Embassy Silicones I Pvt Ltd,,,,,"Mumbai, Maharashtra, India",,,Ravindra B.,HR Executive,,8369818566,https://www.linkedin.com/in/ACoAAB7yqpsBE0ycVwhF4ZRHYMbDS8fRGPaL68o,,,,,,,,,,,
Vap technology pvt ltd,,,,,"Kolkata, West Bengal, India",,,Ankita Roy Chowdhury,HR Executive,,7687893361,https://www.linkedin.com/in/ACoAAB3qn34Bpwh2Tvd5qpbDvp-wuOp3za2Oqi4,,,,,,,,,,,
Huawei Technologies,,,,,"Bengaluru, Karnataka, India",,,Malavika Deshpande,HR Executive,,9632544288,https://www.linkedin.com/in/ACoAAAFNhyABHAd3rhe0clGtDd23OiNGeMQOHhg,,,,,,,,,,,
Galaxy Cargo Services,,,,,"Mumbai, Maharashtra, India",,,Sriram Gopalkrishnan,Head of Human Resources,,,https://www.linkedin.com/in/ACoAACiibYYBtbj1fJUcogu4Fq0LNXP2FjtGoLs,,,,,,,,,,,
Mobicule Technologies Pvt. Ltd.,,,,,"Mumbai, Maharashtra, India",,,Ruchita Patil,Head of Human Resources,,,https://www.linkedin.com/in/ACoAAAQoPfMBLZ__SkvmcRvQBFlz6n8-PdN08pc,,,,,,,,,,,
First Citizens India,,,,,,,,Mahesh Srinivasan,,,919880710534,https://www.linkedin.com/in/ACoAAABqv5gBGTsHCBI0Id1Fu2ESsMuHGUAYSWk,,,,,,,,,,,
Impelsys India Pvt Ltd,,,,,"Bengaluru, Karnataka, India",,,Kavitha Nandagopal,Head of Human Resources,,,[link removed]_-7YHfdzvUAgA,,,,,,,,,,,
WindRite Renewables,,,,,"Gurgaon, Haryana, India",,,Harender Kumar,Head of Human Resources,,8826600725,https://www.linkedin.com/in/ACoAAB6imEMBGqK5XiQOrSWf7TR1am1-tTFEa5g,,,,,,,,,,,
ZSN Technosol Pvt.Ltd,,,,,"Delhi, India",,,Deepa Sharma,HR Executive,,9910130434,https://www.linkedin.com/in/ACoAABvh0h8BdRHTVXEa3DknBftCjtqam3VIAx8,,,,,,,,,,,
Lotus Herbals Pvt Ltd,,,,,"Gurugram, Haryana, India",,,Avantika Tripathi,Head of Human Resources,,,https://www.linkedin.com/in/ACoAAAQvh4YBLRAgv7Zy5i0UHPT8DAdl50dAUIk,,,,,,,,,,,
Tata Consultancy Services,,,,,"Chennai, Tamil Nadu, India",,,Parameswaran Ramani,Head of Human Resources,,,https://www.linkedin.com/in/ACoAAAO03ZABSRtIbnnpdUbXF0Q1FFVc0r3sT5g,,,,,,,,,,,
Crédit Agricole CIB,,,,,"Mumbai, Maharashtra, India",,,Shalini Fernandes,Head of Human Resources,,,https://www.linkedin.com/in/ACoAAAG5lsoBQfzc0xZQQcjpduw0jArMbbG2okw,,,,,,,,,,,
OKAYA POWER PRIVATE LIMITED,,,,,"Gurugram, Haryana, India",,,Tanmoy Bhadri,Talent Acquisition Head,,,https://www.linkedin.com/in/ACoAAAMxf8UBpr7aPGciitghyXlSI_IZew_uNnY,,,,,,,,,,,
Insight Business Machines Pvt. Ltd.,,,,,"Mumbai, Maharashtra, India",,,Aarti Budhivant,HR Executive,,,https://www.linkedin.com/in/ACoAAALaPbIBjDXYzKT3WEToOgZr04yJ2k68Fm4,,,,,,,,,,,
Ittiam Systems Pvt Ltd,,,,,,,,Sushree Patnaik,,,,https://www.linkedin.com/in/ACoAAAMTu9QBRotVFey3-m8SIa__7vqqT8RhV2w,,,,,,,,,,,
IG TECHSERV PVT LTD,,,,,"Ghaziabad, Uttar Pradesh, India",,,Naina Soni,Head of Human Resources,,,https://www.linkedin.com/in/ACoAABNQKGwBUBZvx5vFFGd4LRlVZ5riAVoc5y8,,,,,,,,,,,
Royal Chain Limited,,,,,"Mumbai, Maharashtra, India",,,Vinod Kirjat,Head of Human Resources and Administration,,8369038247,https://www.linkedin.com/in/ACoAABx1KyMBMeElp5MDdogw-pGJLlXUTPV1MWQ,,,,,,,,,,,
eka.care,,,,,"Bengaluru, Karnataka, India",,,Nura Almas,Head of Human Resources,,,https://www.linkedin.com/in/ACoAABDWpEcBmut16qib7FLftj6sQD4FQbGEl9E,,,,,,,,,,,
Premier Transport Ltd,,,,,"Mumbai, Maharashtra, India",,,Sneha Bhalerao,HR Executive,,9987501259,https://www.linkedin.com/in/ACoAAAHYMawBFLZ8NahH6CHpG00y7n5AOD-hUi0,,,,,,,,,,,
Dr. Reddy's and Nestlé Health Science Limited,,,,,,,,Aaron Trevor DSouza,,,,https://www.linkedin.com/in/ACoAAALvdwMBPsf6C3POU-LzuMiWqR53hcWT5I4,,,,,,,,,,,
Alok Masterbatches Ltd,,,,,"New Delhi, Delhi, India",,,Chandrika Gupta,Head of Human Resources,,,https://www.linkedin.com/in/ACoAAAjX3ZcBPK0KvcSMoeavxGoLba8Y6G1wFFI,,,,,,,,,,,
Simmtronics semiconductors Ltd,,,,,"Noida, Uttar Pradesh, India",,,Devyani Chauhan,2.5 Yrs.HR Experience in Indian MNC,,,https://www.linkedin.com/in/ACoAABGfh_oBg7tfw3naDKt4w4SmX5EuLMndrZ0,,,,,,,,,,,
Siemens,,,,,"Bengaluru, Karnataka, India",,,Rajeshwari Krishnaswamy,Talent Acquisition,,,https://www.linkedin.com/in/ACoAAAo8dLIBF4A0HHFYZVCDBQBk0ztx8aeFc70,,,,,,,,,,,
Agnayi Realtors,,,,,"Gurgaon, Haryana, India",,,Vandana Taneja,Head of Human Resources,,8588877139,https://www.linkedin.com/in/ACoAACf1l1QBaQhdV7xMMfAlzJkFwx-A2xwL8vc,,,,,,,,,,,
Sage Technologies,,,,,"Noida, Uttar Pradesh, India",,,Lakshmi Sharma,HR Executive,,9459254034,https://www.linkedin.com/in/ACoAAAwGuSUBVdIv3Ylme19daBqYfObUCknxyaA,,,,,,,,,,,
VNR Infrastructures Ltd,,,,,"Hyderabad, Telangana, India",,,Chandana Reddy,Executive-HR,,8019101575,https://www.linkedin.com/in/ACoAAAIaomABvma2vYATKj_RKFmsB6rx9OwPNVk,,,,,,,,,,,
Avaali Solutions Pvt. Ltd,,,,,"Bangalore Urban, Karnataka, India",,,Harini Krisshnan,Head of Human Resources,,6360441094,https://www.linkedin.com/in/ACoAAA80pKMBMDPSfjNwLcisj_1HfZZw1-7Ihlg,,,,,,,,,,,
IES UNIVERSITY BHOPAL,,,,,"Noida, Uttar Pradesh, India",,,Riya Kashyap,Head of Human Resources,,,https://www.linkedin.com/in/ACoAADCoZMYBeLQ1feAYRLRxb7m5OCKq-7vFjxI,,,,,,,,,,,
Contata Solutions,,,,,"Noida, Uttar Pradesh, India",,,Meera Chaudhary,HR Executive,,9310644573,https://www.linkedin.com/in/ACoAADggzkkBx61i92romEmCa1Z_OQ8KSVceNhI,,,,,,,,,,,
Natixis Services in India,,,,,"Bengaluru, Karnataka, India",,,Nihar Mulki,Head of Human Resources,,,https://www.linkedin.com/in/ACoAAAVX5eEBnXg70NqeTyH0tyEa8iNoPw9U8vE,,,,,,,,,,,
Independent Consultant,,,,,"Bengaluru, Karnataka, India",,,Dimpy Mehra,Senior HR Business Partner - People & Culture,,,https://www.linkedin.com/in/ACoAABeObsMBC9Oysx0eBtmDzChj7hYabgFXrnE,,,,,,,,,,,
Forever New Clothing Pty Ltd,,,,,"Gurugram, Haryana, India",,,Isha Tandon,Head of Human Resources,,,https://www.linkedin.com/in/ACoAAARtITAB8ltRjukOBIwPOaBR1lEZWlGGQ2U,,,,,,,,,,,
TLC DigiTech Pvt. Ltd.,,,,,"New Delhi, Delhi, India",,,Ragini Bhattacharya,Head of Human Resources,,,https://www.linkedin.com/in/ACoAAAuw_HEBn-t4_-aahIbQV04fMhj_pfQ_2tc,,,,,,,,,,,
ReadyAssist,,,,,"Bengaluru, Karnataka, India",,,Yeshwanth Tamilselvan,Head of Human Resources,,,https://www.linkedin.com/in/ACoAABWPmmgBpnooNdV4kW8FCFQrLkSHEe2UV30,,,,,,,,,,,
e-TRNL Energy,,,,,"Bengaluru, Karnataka, India",,,Rohith Hariharan,Head of Human Resources,,,https://www.linkedin.com/in/ACoAAABbZ5EBxkXXGYTS-_5-2AGg2RtQSzRhpzM,,,,,,,,,,,
Accord Superspeciality Hospital,,,,,,,,Dinesh Negi,,,919958100434,https://www.linkedin.com/in/ACoAAAUVpoEBIp7fq7LEqwyPGqThA0a9XgGPR5Y,,,,,,,,,,,
Tata Consultancy Services,,,,,"Hyderabad, Telangana, India",,,Mamta Jha,HR Executive,,9392705651,https://www.linkedin.com/in/ACoAADtazhkBwrJW89w0PVt_qsylmg0StuNxD9o,,,,,,,,,,,
Route Mobile Limited,,,,,"Mumbai, Maharashtra, India",,,Madhuri Chettiar,Senior Executive Human Resources,,9167521424,https://www.linkedin.com/in/ACoAACPvQusBYxpyj7nxM8qp-_Jw8CVKoGD_jU4,,,,,,,,,,,
Intermax Services Private Limited,,,,,,,,Varsha P.,,,917208504229,https://www.linkedin.com/in/ACoAAAfnVPIBtX3bj0KhS-k1IH9zT_POnRdBUso,,,,,,,,,,,
Join Habibi,,,,,"New Delhi, Delhi, India",,,Alangkrita Ghosh,Operations Manager,,9543398379,https://www.linkedin.com/in/ACoAACOJAh0Bp0vISfDncZxEz1mlQxhw4-2BYDM,,,,,,,,,,,
Tata Consultancy Services,,,,,"Mumbai, Maharashtra, India",,,Vikas Salunkhe,HR Executive,,,https://www.linkedin.com/in/ACoAAAqEfv8BPXmwrpA9tIiHBuIpdFaiENDEWDc,,,,,,,,,,,
CRMIT Solutions,,,,,"Bengaluru, Karnataka, India",,,Sumithra Yadav,HR Executive,,9986113083,https://www.linkedin.com/in/ACoAAAN0bKUBjwk1rLAVrVR0IjVk20eI0E8_H7A,,,,,,,,,,,
Bhavani Group,,,,,"Panvel, Maharashtra, India",,,VIVEK WAGHODE,Head of Human Resources,,,https://www.linkedin.com/in/ACoAAAOQXI8BxXdUaJv-ejVIJ5GPZwCc2QVH49A,,,,,,,,,,,
Exato Technologies Ltd.,,,,,"Delhi, India",,,Neha Arora,Head of Human Resources,,9310998467,https://www.linkedin.com/in/ACoAAB0xmrcBsw_pJ1e_2v33qXy1VmjpH78bgZ8,,,,,,,,,,,
Votary Softech Solutions Pvt. Ltd.,,,,,"Hyderabad, Telangana, India",,,Disha Boda,HR Executive,,,https://www.linkedin.com/in/ACoAAA2-a2ABJw1o3sPQbJ7NipcZ-zKSmqvhb60,,,,,,,,,,,
Rezayat Group,,,,,"Chennai, Tamil Nadu, India",,,Biji Banu,Head of Human Resources,,9962004653,https://www.linkedin.com/in/ACoAAAENS0wBgqB0NwxxwBkbg9kh43CsZt_j4Ts,,,,,,,,,,,
Bentel Associates International (Pty) Ltd,,,,,,,,Ravi Gangwani,,,,https://www.linkedin.com/in/ACoAAAFvQhABEmhwuR_NYjrT67KF5x-al2tQ3Xg,,,,,,,,,,,
MRG Group,,,,,"Shahadara, Delhi, India",,,VIRENDRAA KUMAR .,Head of Human Resources,,,https://www.linkedin.com/in/ACoAAATQWzwBSX-vYqNxaJLi3xxlqipqSuF_Dms,,,,,,,,,,,
System Consultancy Partner / IT Staffing,,,,,"Hyderabad, Telangana, India",,,Raja Shekar,HR Consultant,,9848805954,https://www.linkedin.com/in/ACoAAAM6sgoBtimDryofUaT8ml_tl2H-sBbX_PI,,,,,,,,,,,
Bhavani Industries - India,,,,,"Bengaluru, Karnataka, India",,,Shashi Kumar T.S,HR,,8008456779,https://www.linkedin.com/in/ACoAAAs2hLABXk7877JoqdJvwXRngKp4xYsZTmM,,,,,,,,,,,
JP Group Services Private Limited,,,,,"Hyderabad, Telangana, India",,,Prem P 🏆,Director of Operations,,8374500244,https://www.linkedin.com/in/ACoAACHh950BqBkl0DY8ec6qLgNrRlF7Ye1flBw,,,,,,,,,,,
Ampersand Group,,,,,"Thane, Maharashtra, India",,,Pooja Bal,Head of Human Resources,,9892558004,https://www.linkedin.com/in/ACoAAAR4CL8Byxv0u866lv1N2zKgdPCwbnCkEAw,,,,,,,,,,,
Unico Connect,,,,,Mumbai Metropolitan Region,,,Vishakha Sharma,Technical Recruiter,,,https://www.linkedin.com/in/ACoAABDaEy0BoGTU_DyUM1GaCzAOGjbji8dOPQY,,,,,,,,,,,
Hue Service Private Limited,,,,,"Kolkata, West Bengal, India",,,Rana Roy,Manager HR & Admin,,,https://www.linkedin.com/in/ACoAAAtKnZIBjPNJY2owxCBMnd5fZUtQUEmSR-A,,,,,,,,,,,
Team Pumpkin,,,,,"Mumbai, Maharashtra, India",,,Arshad Shaikh,Head of Human Resources,,,https://www.linkedin.com/in/ACoAACtiV3IBabyyO5SHva9gwV0ZybF9u4_fpD8,,,,,,,,,,,
Accenture,,,,,"Bengaluru, Karnataka, India",,,Bhumika Ratnam,Human Resources Generalist,,,https://www.linkedin.com/in/ACoAACSbeIIBuoRIJIf5l5Kk-r85xBkPK3RYGIw,,,,,,,,,,,
Revancer,,,,,"Delhi, India",,,Rohan Kalra,Head of Human Resources,,,https://www.linkedin.com/in/ACoAAAHVABIBt4-PVoWmLYeZE92LkKl-c51HzIc,,,,,,,,,,,
YUGMA (By VANS Skilling),,,,,"South Delhi, Delhi, India",,,shivani chaudhary,Recruitment Specialist,,9971746090,https://www.linkedin.com/in/ACoAABp1BGIBM2mxuht_IhsvtkBNDaaL0aOfnpg,,,,,,,,,,,
Visarj,,,,,"Hyderabad, Telangana, India",,,Kriti Badal,Head of Human Resources,,8297293333,https://www.linkedin.com/in/ACoAAA_hSDcBXcZvifgHduJZzfbVmykRGgx71VI,,,,,,,,,,,
Tata Consultancy Services,,,,,"Mumbai, Maharashtra, India",,,Anagha Prabhu,Head of Human Resources,,9820815433,https://www.linkedin.com/in/ACoAAAKQ3hwB1igMi_Pujk87oVfTk6pDszleKtA,,,,,,,,,,,
Paradise Group Builders & Developers,,,,,,,,Satish Bhivsar,,,,https://www.linkedin.com/in/ACoAAALEXAoB4I4SF7I6cMdBy9e9ji6VW6Xx3Z0,,,,,,,,,,,
The Ballard Pier,,,,,"Mumbai, Maharashtra, India",,,Karan Jain,Head of Human Resources,,,https://www.linkedin.com/in/ACoAABrC48UBmj4SrvXv7Pqt4pUoMW_yZVG4mvk,,,,,,,,,,,
26MilesCapital,,,,,"South Delhi, Delhi, India",,,Nidhi Madan,Head of Human Resources,,,https://www.linkedin.com/in/ACoAAAHpmlYBEbTT4l-O9J1P3C-8KzND8q-Yrqg,,,,,,,,,,,
LADERA TECHNOLOGY,,,,,,,,Srikarthik Karunakaran,,,,https://www.linkedin.com/in/ACoAAAEd8YsBQMKHDakMH5M8kYL2zJcm1iGahxk,,,,,,,,,,,
"ASTEC LIFESCIENCES LIMITED, Godrej Agrovet Subsidiary",,,,,,,,Vijayalakshmi Iyer,,,,https://www.linkedin.com/in/ACoAAAJqrW4BcTo6qm8JrQnspUDiXTFUxP9xrh8,,,,,,,,,,,
tekVizion,,,,,"Hyderabad, Telangana, India",,,Pradeep Reddy,Head of Human Resources,,,https://www.linkedin.com/in/ACoAAAIetN0BA1PJkNCiN8ELI0R6FX9vO8sFuvc,,,,,,,,,,,
Eurofins IT Solutions India Pvt. Ltd,,,,,,,,Priti Nagi,,,,https://www.linkedin.com/in/ACoAAAEd1boBSh6F5Dpems2ERw5ZhP948n2V8t8,,,,,,,,,,,
Fintech,,,,,"Gurugram, Haryana, India",,,Tisha Prasad,Head of Human Resources,,,https://www.linkedin.com/in/ACoAAAbyUzkBhlnqyrlsm9irXNbHAWURAJRCn4E,,,,,,,,,,,
Targus Technologies Pvt Ltd.,,,,,"Delhi, India",,,Chanchal Rani,Manager,,8527006705,https://www.linkedin.com/in/ACoAACCHQ3UB8ZThuCd6PpUe9MbBH5aLgMUccQQ,,,,,,,,,,,
White Gold India,,,,,"Bengaluru, Karnataka, India",,,Manu Panwar,Head of Human Resources,,,https://www.linkedin.com/in/ACoAACB5nvABQSOdBpMa2KSRycWI9MD5y2F2eRo,,,,,,,,,,,
Jai Raj Ispat Limited ( Integrated steel plant),,,,,,,,Mohan C.,,,,https://www.linkedin.com/in/ACoAAAFIQlIB-35hYC_fLWNIUKTrPoeoHk1G0hE,,,,,,,,,,,
Cognizant,,,,,"Chennai, Tamil Nadu, India",,,Tharani Vinayagam,HR Executive,,9840428982,https://www.linkedin.com/in/ACoAAB0aYKkB_c1TsDqC3FYdY1S1uMilo95xlD4,,,,,,,,,,,
Infinity Labs India,,,,,Greater Delhi Area,,,Amit Mathur,Head of Human Resources,,,https://www.linkedin.com/in/ACoAAADf4goBeVG9vi3hxJVpm3zRYN_sTgKZpQg,,,,,,,,,,,
DefensaNet Securities LLP,,,,,Mumbai Metropolitan Region,,,Neelam Shinde,Senior Human Resources Manager,,,https://www.linkedin.com/in/ACoAABnWu24BM1yENYtzBaFuYhvhBdrblY4iWGc,,,,,,,,,,,
Jindal Steel & Power Ltd.,,,,,"Mumbai, Maharashtra, India",,,Meenu Sood,Head of Human Resources,,8797936838,https://www.linkedin.com/in/ACoAAAK5PQMB3kmZ1fups71LjsyvML--t3h11JE,,,,,,,,,,,
Global Upside Man Power Solution,,,,,"Noida, Uttar Pradesh, India",,,Priti Mishra,HR Executive,,9810809560,https://www.linkedin.com/in/ACoAAARENPUBZ73mVzO-TH8_4F4mx7JQ4luqkks,,,,,,,,,,,
Crystal Hues Limited,,,,,"Bengaluru, Karnataka, India",,,NEERANJANA S,HR Executive,,,https://www.linkedin.com/in/ACoAAAvvaREBtSS9VmWuRM9FFCPLQUlwDkfTSuc,,,,,,,,,,,
Accenture,,,,,"Mumbai, Maharashtra, India",,,Sheetal Jaiswal,HR Executive,,9833841844,https://www.linkedin.com/in/ACoAAAPhnd0B5HAYMkflxHYDdVU_ARorlfunw-4,,,,,,,,,,,
Eveready Industries India Ltd,,,,,,,,Deepika Singh,,,,https://www.linkedin.com/in/ACoAAAVMxAABkiCq7VGX9id9SUgwuPJsTyKvIn8,,,,,,,,,,,
Tata Consultancy Services,,,,,"Bengaluru, Karnataka, India",,,Surabhi S. Pradhan,HR Executive,,9858356524,https://www.linkedin.com/in/ACoAACqOEIYBhivVJyoJJUf1oK0KZVeBtY7gpYQ,,,,,,,,,,,
Sysveda Information Technology,,,,,,,,Veeramani Lakshmipathi,,,918012992281,https://www.linkedin.com/in/ACoAADHccKkBKAri0bxCrtVvG0CYShiPuxsvlNw,,,,,,,,,,,
LiquiLoans,,,,,"Mumbai, Maharashtra, India",,,Jeetendra Wadhel,Head of Human Resources,,,https://www.linkedin.com/in/ACoAAARZmwsBSa21_4dn15-dWZYy8rIP7xa3-z0,,,,,,,,,,,
Tata Consultancy Services,,,,,"Chennai, Tamil Nadu, India",,,Murali Mohan,Recruitment Manager,,9282241255,https://www.linkedin.com/in/ACoAABgss6oBxBpWMWh4KEUmou-87sBSu5ALkDs,,,,,,,,,,,
Vanator RPO,,,,,"Noida, Uttar Pradesh, India",,,Latikaa O.,Head of Human Resources,,,https://www.linkedin.com/in/ACoAAAWvuDcBcl47cGtSF3ylRWQMRx6Y6HtkbQI,,,,,,,,,,,
Specsmakers,,,,,"Chennai, Tamil Nadu, India",,,Jeyya Shanker,Head of Human Resources,,,https://www.linkedin.com/in/ACoAAAKoJ3gBiqWaNITrgTayyuRcijK2rC42RvI,,,,,,,,,,,
SRIJAN (Self-Reliant Initiatives through Joint Action),,,,,,,,Namita Pandey,,,,https://www.linkedin.com/in/ACoAAAMYdCQB4HtVfhzPKu2Pz4kYkM5Up_sfChU,,,,,,,,,,,
Larsen & Toubro,,,,,Mumbai Metropolitan Region,,,Sudarshan Kamble,HR Executive,,,https://www.linkedin.com/in/ACoAAAkxRnEBqqeUfV9FUrKxiq-b0j-I2kj0ao4,,,,,,,,,,,
Opti Realty LLP,,,,,"Hyderabad, Telangana, India",,,Pralad ng,Chief Human Resources Officer,,8121214325,https://www.linkedin.com/in/ACoAACHrjtcBxrPGzeYkwFXWjO9RSmNso7897e0,,,,,,,,,,,
VHire Recruitment Services,,,,,"Delhi, India",,,Puran Bisht,Founder & CEO,,9268003757,https://www.linkedin.com/in/ACoAAAxXdRIB0BNJq4S5dNXPm-V-EgkkFfMhoJU,,,,,,,,,,,
Innomatics Research Labs,,,,,"Hyderabad, Telangana, India",,,Kothapalli Swetha,HR Executive,,8971269347,https://www.linkedin.com/in/ACoAABTceuUBhCUCSvDuoCKfXe3PiFpvd8q62EY,,,,,,,,,,,
Tata Consultancy Services,,,,,"Chennai, Tamil Nadu, India",,,Seethalakshmi R M,HR Executive,,7358241086,https://www.linkedin.com/in/ACoAADF7jXQBxtDncMIyPuWpXoWtvnc6JwqgLw0,,,,,,,,,,,
Wipro,,,,,"Chennai, Tamil Nadu, India",,,M.Mari Muthu,HR Executive,,7502245664,https://www.linkedin.com/in/ACoAACdkDtgBJqr6y9_oxt0ThBRaEUpXP-DVkKc,,,,,,,,,,,
White Gold India,,,,,,,,Manu Panwar,,,"7259123651, +91 88926 82358, +91 96205 61461",https://www.linkedin.com/in/ACoAACB5nvABQSOdBpMa2KSRycWI9MD5y2F2eRo,,,,,,,,,,,
Shapoorji Pallonji Finance Private Limited,,,,,,,,Dimple Arora,,,919819780291,https://www.linkedin.com/in/ACoAAAGVnv8BqVqnBB_F3vlMq3aeI8r82_WNeX4,,,,,,,,,,,
IBM,,,,,"Bengaluru, Karnataka, India",,,Suranjana Mazumder,HR Executive,,7022616774,https://www.linkedin.com/in/ACoAAAVP7doB4rljlu7KuzmjiFnwgDMAA29oEb8,,,,,,,,,,,
Crystal Solutions Ltd,,,,,"Mumbai, Maharashtra, India",,,Suman Roy,Resource Executive - Healthcare,,,https://www.linkedin.com/in/ACoAABrkCFIB3UjoBUCF-a5WrI_WaK1GvYAaESk,,,,,,,,,,,
Global Pharma Tek,,,,,"Hyderabad, Telangana, India",,,Gurrapu Ramya Krishna,HR Executive,,5715996796,https://www.linkedin.com/in/ACoAABukCawBge9-gv9rybsCzexMpJMG3CvYo28,,,,,,,,,,,
Total IT Global,,,,,"Delhi, India",,,Sanjay Sharma,Head of Human Resources,,,https://www.linkedin.com/in/ACoAAACfK0IBJjPEOHaxQgxxQspU4PqKiuFB4OE,,,,,,,,,,,
Aavishkaar Group,,,,,,,,Prakhar Ranjan,,,,https://www.linkedin.com/in/ACoAADgDa28B5mjnJbNhlKAgsMEB-XhBjdCGa8g,,,,,,,,,,,
Accenture,,,,,"Bengaluru, Karnataka, India",,,Pooja Dhanjani,HR Executive,,,https://www.linkedin.com/in/ACoAAADIyEMBL-03aBJ5YRj78AFh1hNkEv70d08,,,,,,,,,,,
Britannia Industries Limited,,,,,,,,AJAY KUMAR MISHRA,,,8017772273,https://www.linkedin.com/in/ACoAABfiHE0BDSEG4Qh0s7afwsQrqFj1IYH2MFw,,,,,,,,,,,
DLK TECHNOLOGIES - INDIA,,,,,"Chennai, Tamil Nadu, India",,,Jaya Lakshmi,Vice President,,9003489458,https://www.linkedin.com/in/ACoAAA6e4vQBXd31bxuaLNb9WvV4RUc002esUAs,,,,,,,,,,,
EnergyScape Renewables,,,,,"Bengaluru, Karnataka, India",,,Syam Mohan V P,Head of Human Resources,,,https://www.linkedin.com/in/ACoAAACpBBQBI7Tzon2GboiavthV9ew7wXNCUD0,,,,,,,,,,,
QX Global Group,,,,,,,,Rohit Minton,,,919986736315,https://www.linkedin.com/in/ACoAAAH_F0wBcf8XQkvYsnBwadEcxQcR2NP6HHY,,,,,,,,,,,
Cognizant,,,,,"Bengaluru, Karnataka, India",,,Sayani Dutta,Senior HR Talent Acquisition,,9038700426,https://www.linkedin.com/in/ACoAABxa-JsBHJGAj01rO1udIjFtYBdJwtOqwMA,,,,,,,,,,,
Confidential,,,,,"Delhi, India",,,Firoz Khan,Chief Human Resources Officer,,,https://www.linkedin.com/in/ACoAAAC4MNIBkiceHDFSKiWTFSkC3QKnoW0Kkzc,,,,,,,,,,,
Humro,,,,,"Gurugram, Haryana, India",,,Ajay Kumar,Head of Human Resources,,,https://www.linkedin.com/in/ACoAAAOn9lwBOVeW7YUnm5_WyDTrWykKN9cSMfE,,,,,,,,,,,
DMI Housing Finance,,,,,"Delhi, India",,,Vivek Tiwari,Head of Human Resources,,,https://www.linkedin.com/in/ACoAAAbOnIIBLU4af8WdivMfe3mh3FCaqi-nvcg,,,,,,,,,,,
Capgemini,,,,,"Bengaluru, Karnataka, India",,,Mani mala,Talent Acquisition Specialist,,8247304993,https://www.linkedin.com/in/ACoAABwprN4BT6C00_HvwPLhM6veRBsKPfTDlxA,,,,,,,,,,,
FinBox,,,,,"Bengaluru, Karnataka, India",,,Foram Buch,Head of Human Resources,,,https://www.linkedin.com/in/ACoAACuIoU4BpJn0w_wAmWWdnzMkByIxudQOHQk,,,,,,,,,,,
Qualcomm,,,,,,,,Abhishekta Pandey,,,"9036126497, +1 973-288-7965",https://www.linkedin.com/in/ACoAABmwioABYCLAGt2lTGx0e7C5bXQ8mb7rNtg,,,,,,,,,,,
Mrs. Bectors Food Specialities Ltd.(Cremica and English Oven),,,,,,,,Sampurna Sen,,,7001149115,https://www.linkedin.com/in/ACoAADdnGLcBwoMVD6AWnWuhDS7OafDtxtHr_F0,,,,,,,,,,,
SCS Tech India Pvt Ltd,,,,,"Mumbai, Maharashtra, India",,,SIMRAN RAVAT,Head of Human Resources,,,https://www.linkedin.com/in/ACoAADqzeMwBVZRi1BAx-i5sLe8PEvng5KVfQzk,,,,,,,,,,,
CRISIL Limited,,,,,"Mumbai, Maharashtra, India",,,Rupali D Amin,HR Executive,,,https://www.linkedin.com/in/ACoAAAM1jfoB8ZQDzsA_fYQSxym3gfG9d1EWXE0,,,,,,,,,,,
KPMG,,,,,"Mumbai, Maharashtra, India",,,Natasha Gandhi,HR Executive,,,https://www.linkedin.com/in/ACoAAAXvx18BR7dj6ihZqzNZhopml3oicfnOnOo,,,,,,,,,,,
Hyundai Motor India Ltd.,,,,,"Mumbai, Maharashtra, India",,,Sam Sawant,HR Executive,,9769537292,https://www.linkedin.com/in/ACoAABxBnp0Bpf32rxE5hXs0p0mTCDblY6WN51M,,,,,,,,,,,
Tata Consultancy Services,,,,,"Chennai, Tamil Nadu, India",,,Jennie P,HR Executive,,9025749987,https://www.linkedin.com/in/ACoAADnokWQBS7TJT1to4zMnkaTSxB2x7OJHpmg,,,,,,,,,,,
BDP Consulting Private Limited,,,,,,,,Anmol Chhatwal,,,918210791433,https://www.linkedin.com/in/ACoAAB7iiEEBm_BwtdwLxsLnTZqiXsNHE3pmDi8,,,,,,,,,,,
HSBC Securities,,,,,"Hyderabad, Telangana, India",,,Mounika Garapati,HR Executive,,8978124594,https://www.linkedin.com/in/ACoAAD2RuKoB0j7AxLyoFEy27X_Z0LM9RqRiQyQ,,,,,,,,,,,
Tata Consultancy Services,,,,,"Mumbai, Maharashtra, India",,,Delnaz Siganporia,HR Executive,,,https://www.linkedin.com/in/ACoAAArNhVMBpdLR2QVVtLMEMhVTZQK4E2EYMMk,,,,,,,,,,,
HCLTech,,,,,"Noida, Uttar Pradesh, India",,,Syed Hasnain,HR Executive,,,https://www.linkedin.com/in/ACoAAAL4b3MBMbWtQUe8LtOfMOqLDqYiPvk1MUo,,,,,,,,,,,
GunjanApps Studios and Solutions LLP,,,,,,,,Ananya Das,,,918420698609,https://www.linkedin.com/in/ACoAACoQTsgBgQOftceASHcOvtS9Nr1DsWzlI_Y,,,,,,,,,,,
D2K Technologies,,,,,,,,Divya Khuperkar (Panapally),,,919320492279,https://www.linkedin.com/in/ACoAAAsRz2UBDjWQ4LHMx4NH8VFLVWdDJ2qzSnw,,,,,,,,,,,
Pulse Pharmaceuticals,,,,,,,,Santhoshi Padigela,,,919441428471,https://www.linkedin.com/in/ACoAAAk8NoAB-9abPjyB7ni3q_ax813u5hGoy7g,,,,,,,,,,,
Tata Consultancy Services,,,,,,,,Praveen Ganesh,,,919894848595,https://www.linkedin.com/in/ACoAAC9pOqMBG1H1b7M4KYAwioSGJgI9F6LhquE,,,,,,,,,,,
TELUS International,,,,,,,,Neeraj Kumar Salariya,,,8285244315,https://www.linkedin.com/in/ACoAACA4H2EB48jK8TZDpQ5gh4rb1PncYfhoa8Q,,,,,,,,,,,
IBM India Pvt Ltd,,,,,"Hyderabad, Telangana, India",,,Praveen Kumar,Recruitment Specialist,,,https://www.linkedin.com/in/ACoAACJjThcB6BvJhYmRDZwnFuYexRyZ7lZ9HXc,,,,,,,,,,,
Avaan Excess,,,,,"Hyderabad, Telangana, India",,,Nandini Tatishetty,HR Executive,,9110570859,https://www.linkedin.com/in/ACoAAD--3e0BcQGYtKtuXd5yIIzyc_4dnI8jOBY,,,,,,,,,,,
Zelar,,,,,,,,Jyothi Snvs,,,,https://www.linkedin.com/in/ACoAAAD6rcEBIE_H0N3qb_9LvvtADPn2oRuqtVs,,,,,,,,,,,
STAND 8 Technology Services,,,,,Greater Chennai Area,,,Vishnu K.,HR Executive,,9600171384,https://www.linkedin.com/in/ACoAACM7pMwBXEjnzqcvKK6KZv3pATlH5orPXEw,,,,,,,,,,,
Career Innovators,,,,,"Delhi, India",,,Vandana Bhatia,HR Executive,,,https://www.linkedin.com/in/ACoAAA2XiggBNUpIjzRLii6hjrukjeat-pPm_FI,,,,,,,,,,,
Neumeric Technologies Corp,,,,,"Hyderabad, Telangana, India",,,Kalpana Singh,HR Executive,,,https://www.linkedin.com/in/ACoAAAlUyZcB0W8Ni-Ljo4bUxpyLBu1x1aXxDP0,,,,,,,,,,,
HCL Technologies,,,,,"Chennai, Tamil Nadu, India",,,Asvini Dharani,HR Executive,,7810929496,https://www.linkedin.com/in/ACoAACNw7qYBJzqJHiHfSCFn6tmTVcMXNYMEmKI,,,,,,,,,,,
skillVentory,,,,,Mumbai Metropolitan Region,,,Abhishek Jain,Summer Internship,,8871606365,https://www.linkedin.com/in/ACoAABxnd44Bgt8c63SilbF2e-nWQgS2-mTHVik,,,,,,,,,,,
The Adecco Group,,,,,"Ghaziabad, Uttar Pradesh, India",,,Manish Jarwal,Payroll Executive,,,https://www.linkedin.com/in/ACoAAAMXfNsBuGh-QnNYPjmKIgNpucFI3GkhraM,,,,,,,,,,,
Cognizant,,,,,,,,Tharani Vinayagam,,,"(917) 612-6432, +91 98404 28982",https://www.linkedin.com/in/ACoAAB0aYKkB_c1TsDqC3FYdY1S1uMilo95xlD4,,,,,,,,,,,
Plumtrips.com,,,,,,,,Ajay Kumar,,,,https://www.linkedin.com/in/ACoAABpi8xoBqGy29JQsqv3L9jU75x1oDCXRuec,,,,,,,,,,,
AQM Technologies,,,,,"Mumbai, Maharashtra, India",,,Zoheb Shaikh,HR Executive,,9152294546,https://www.linkedin.com/in/ACoAAECfdykB4RsVGeMcX3ZcWqixQYGMqljTcCo,,,,,,,,,,,
Excelencia i Tech Consulting,,,,,"Chennai, Tamil Nadu, India",,,Tony Smith,HR Executive,,,[link removed]_cQB-_AWYR_MkpvaxXQq3-kx3tQpxOo,,,,,,,,,,,
Embassy Silicones I Pvt Ltd,,,,,,,,Ravindra B.,,,8369818566,https://www.linkedin.com/in/ACoAAB7yqpsBE0ycVwhF4ZRHYMbDS8fRGPaL68o,,,,,,,,,,,
Wipro Technologies,,,,,Greater Kolkata Area,,,Durgapada Mishra,HR Executive,,9051313134,https://www.linkedin.com/in/ACoAAA4AXGIB7Rrn_nGqpTJPXUyznYgQzRjKf7Y,,,,,,,,,,,
Cellcomm Solutions Ltd,,,,,"Bengaluru, Karnataka, India",,,Soumya M,Executive,,9739009639,https://www.linkedin.com/in/ACoAAAdt7OYB4-czVzHEEkk-ydH_pnHobw1QrHo,,,,,,,,,,,
Tata Consultancy Services,,,,,"Chennai, Tamil Nadu, India",,,Anup Abraham,HR Executive,,,https://www.linkedin.com/in/ACoAAAukGo0BcT06f9BaeVkdlT7mK_1dnpfwYJA,,,,,,,,,,,
HCLTech,,,,,"Mumbai, Maharashtra, India",,,Amit Kadam (amitkad@gmail.com),HR Executive,,,https://www.linkedin.com/in/ACoAAABzIIsBlRypNikWWpA_VjWN5aaMR6KhrLg,,,,,,,,,,,
LCX,,,,,"Gurugram, Haryana, India",,,Rohini Banerjee,Head of Human Resources,,8871855391,https://www.linkedin.com/in/ACoAACmNIUMB3X5ge4xEcaaKthxImKkuA8y8r6I,,,,,,,,,,,
Bhavani Industries - India,,,,,,,,Shashi Kumar T.S,,,918008456779,https://www.linkedin.com/in/ACoAAAs2hLABXk7877JoqdJvwXRngKp4xYsZTmM,,,,,,,,,,,
PwC,,,,,"Mumbai, Maharashtra, India",,,Sucheta Kunder,HR Executive,,,https://www.linkedin.com/in/ACoAAAbEPIYBFuBrquJm5YgUjPoBHPBXUpzcr_Q,,,,,,,,,,,
Alstom,,,,,"Noida, Uttar Pradesh, India",,,TANIYA MALHOTRA,HR Manager,,,https://www.linkedin.com/in/ACoAACDchWsBR8M4IFpotFtAHZUyXQYUbYPgYy0,,,,,,,,,,,
AnantGrid,,,,,"Delhi, India",,,Dhirendra S.,Head of Human Resources,,,https://www.linkedin.com/in/ACoAAADIF7sBZopEUU1dr62X_Vx1CqSPEb1D6ik,,,,,,,,,,,
Baghirathi Travel Solutions Private Limited,,,,,,,,Devaraj RS,,,,https://www.linkedin.com/in/ACoAABHXZzwBp14lh5PA_ip1gZXy9ZtJBiX4WXI,,,,,,,,,,,
Swiggy,,,,,"Bengaluru, Karnataka, India",,,Bhavani Shankar JN,HR Executive,,9164684952,https://www.linkedin.com/in/ACoAAEhAw-8BzxnUARH5eL9cgXfJRk0I8gjUdjw,,,,,,,,,,,
Amnet Digital,,,,,"Hyderabad, Telangana, India",,,Lalitha Sri,HR Executive,,7995986377,https://www.linkedin.com/in/ACoAADWM5p0BliM_04SH-EI_kmpaB6GWIcD0Wp4,,,,,,,,,,,
LCX,,,,,"Gurugram, Haryana, India",,,Mansi Mishra,Head of Human Resources,,9810600694,https://www.linkedin.com/in/ACoAACuqQc8BmBAAtUt3z48FjypNc5RLuXxb7xQ,,,,,,,,,,,
Web Spiders,,,,,"Kolkata, West Bengal, India",,,HR Executive,HR Executive,,9893822748,https://www.linkedin.com/in/ACoAACV-OLYBVCe7jgXV4K4gv3Ns53dBn7vnz6A,,,,,,,,,,,
NITARA (GormalOne LLP),,,,,,,,Luv kumar Ambwani,,,8767875810,https://www.linkedin.com/in/ACoAAAwPTuoBZ47i8PKrl85NcTK4x4F8fe4TgRM,,,,,,,,,,,
Indmax,,,,,"Hyderabad, Telangana, India",,,Jasmine Purohito,HR Executive,,7799881025,https://www.linkedin.com/in/ACoAACLE-qwB7mwP3AH8R-xDC73NKFEumUmHjuw,,,,,,,,,,,
InterBase Corporation,,,,,"Mumbai, Maharashtra, India",,,Puja Panchal,HR Executive,,,https://www.linkedin.com/in/ACoAAA47LXABU5WwqfqY6GSDAzpiCRdzWtg-iV8,,,,,,,,,,,
EssentiallySports,,,,,,,,Papun Dutta,,,,https://www.linkedin.com/in/ACoAAAMmxPsBBxUAFOLu9jWVpQ77WeQnHxVLKqg,,,,,,,,,,,
Fourth Partner Energy,,,,,,,,Dr. Anjali Desai (Bhole),,,,https://www.linkedin.com/in/ACoAAADb9gEBaKCBmxh0MFj7WBEFTnZaQiC-HGI,,,,,,,,,,,
ICICI Bank,,,,,"Hyderabad, Telangana, India",,,Leela Kumar,HR Executive,,9618209053,https://www.linkedin.com/in/ACoAAA7fjhkBDd7nLp-wMA6XEV2mdWU3hh-Ymi4,,,,,,,,,,,
Wipro Technologies,,,,,,,,Ravi sonkar,,,9073737066 / 7501527938,https://www.linkedin.com/in/ACoAABOzzF8BuDCFFQ2RLXcC6zjVZTNmEQYBuj4,,,,,,,,,,,
Cognizant,,,,,"Bengaluru, Karnataka, India",,,Ruchi Namdeo,HR Executive,,8861573582,https://www.linkedin.com/in/ACoAAAoE_eMByhYAYv8feLrb4IigjUCdbwSL73s,,,,,,,,,,,
Cognizant,,,,,"Chennai, Tamil Nadu, India",,,Gaurav Singh,HR Executive,,9871490123,https://www.linkedin.com/in/ACoAAB3HKKMBxBuN1Q5C9s64VMd1Ce3Laz_c8rg,,,,,,,,,,,
Fluper,,,,,"Noida, Uttar Pradesh, India",,,Richa Sharma,Head of Human Resources,,,https://www.linkedin.com/in/ACoAABcVhEIB4GbCtewAq2YfNoPpGiULqBKha_s,,,,,,,,,,,
Wipro,,,,,"Hyderabad, Telangana, India",,,Laxmi Kankarla,HR Executive,,7977938299,https://www.linkedin.com/in/ACoAAA1SsIgBgsZ5-gDJDkwKCZ1gRFoPMe5g2jY,,,,,,,,,,,
Avant Career Pvt. Ltd.,,,,,"Delhi, India",,,Lakhan Lodhi,HR Executive,,9958208646,https://www.linkedin.com/in/ACoAACMLiM0BPglf1LhaJr1KOkpjURGGN3qr5ac,,,,,,,,,,,
Excelra,,,,,,,,Pramod C,,,919898620512,https://www.linkedin.com/in/ACoAAAEsyKkBZBpf9tBjveiV0emHEXCLtgUNcD0,,,,,,,,,,,
Wipro,,,,,"Bengaluru, Karnataka, India",,,Ojaswita Sinha,HR Executive,,8892979353,https://www.linkedin.com/in/ACoAAB071lMB0ankY6dJrHI1PBbumUvDW4E5Zww,,,,,,,,,,,
Legrand,,,,,,,,Kejal Thakkar,,,,https://www.linkedin.com/in/ACoAAAMYoccB84vOTi40g74miwgCw_PThej0RHw,,,,,,,,,,,
Contata Solutions,,,,,,,,Meera Chaudhary,,,9310644573,https://www.linkedin.com/in/ACoAADggzkkBx61i92romEmCa1Z_OQ8KSVceNhI,,,,,,,,,,,
HCLTech,,,,,"Chennai, Tamil Nadu, India",,,Linda Dencey,HR Executive,,9894503814,https://www.linkedin.com/in/ACoAAC6Y5i0BXyJu2jHIG52NMGlmLeVqkvNLUPo,,,,,,,,,,,
Pinaki Technologies,,,,,"Delhi, India",,,Aparna Tripathi,Recruitment,,9870220035,https://www.linkedin.com/in/ACoAAAVriMcByEgVjSrC5dCnMZp4ygpFwP9ChtA,,,,,,,,,,,
Tech Mahindra,,,,,Greater Hyderabad Area,,,Divya K S,HR Executive,,9524161907,https://www.linkedin.com/in/ACoAAB8k3M0B0I7qB1sqAQ9mLES3An5GGI_7HkE,,,,,,,,,,,
Birla Estates,,,,,,,,Nisha Dubey,,,,https://www.linkedin.com/in/ACoAAADpNHcBfdm04CN6F_4P_5fKvlXmEhKBVLU,,,,,,,,,,,
Adecco,,,,,"Bengaluru, Karnataka, India",,,Pooja Mitra,HR Executive,,9980483603,https://www.linkedin.com/in/ACoAAB18c44BBZx3QqXCWiGH8P2xyaHfZeKJI88,,,,,,,,,,,
HCLTech,,,,,"Chennai, Tamil Nadu, India",,,Smrithi Das,HR Executive,,7904034308,https://www.linkedin.com/in/ACoAADyCVVYBDAKxZWAXtvp4u95rSouVbC60KBo,,,,,,,,,,,
HCLTech,,,,,"Bengaluru, Karnataka, India",,,Dhanaraj D,HR Executive,,9035157100,https://www.linkedin.com/in/ACoAAAq4ROcBZE2h05w8xJJrm2j-7wxT_5pXyXM,,,,,,,,,,,
Agrim Housing Finance,,,,,,,,Manika Ganguly,,,919811985721,https://www.linkedin.com/in/ACoAAAP63lIBXILAaw6QcRQ00Zm5EW8b1jtfXuA,,,,,,,,,,,
WindRite Renewables,,,,,,,,Harender Kumar,,,8826600725,https://www.linkedin.com/in/ACoAAB6imEMBGqK5XiQOrSWf7TR1am1-tTFEa5g,,,,,,,,,,,
Cognizant,,,,,"Chennai, Tamil Nadu, India",,,Nirmalkumar Subramanian,Manager,,,https://www.linkedin.com/in/ACoAAAwTR58BfPljMlU5zYbscByghreoB05BRLU,,,,,,,,,,,
Tata Consultancy Services,,,,,,,,Mamta Jha,,,9392705651,https://www.linkedin.com/in/ACoAADtazhkBwrJW89w0PVt_qsylmg0StuNxD9o,,,,,,,,,,,
upGrad,,,,,"Mumbai, Maharashtra, India",,,Amit Mehta,CHRO,,,https://www.linkedin.com/in/ACoAAAI7lPYBXx6ZOMIROs8c00hPE9vC9LhgjCk,,,,,,,,,,,
CRMIT Solutions,,,,,,,,Sumithra Yadav,,,9986113083,https://www.linkedin.com/in/ACoAAAN0bKUBjwk1rLAVrVR0IjVk20eI0E8_H7A,,,,,,,,,,,
Galaxy Cargo Services,,,,,,,,Sriram Gopalkrishnan,,,,https://www.linkedin.com/in/ACoAACiibYYBtbj1fJUcogu4Fq0LNXP2FjtGoLs,,,,,,,,,,,
Mobicule Technologies Pvt. Ltd.,,,,,,,,Ruchita Patil,,,,https://www.linkedin.com/in/ACoAAAQoPfMBLZ__SkvmcRvQBFlz6n8-PdN08pc,,,,,,,,,,,
Abhiyan Capital,,,,,,,,Money Khanna,,,919818086169,https://www.linkedin.com/in/ACoAAARVnCMBg6ilE7rBHt-IUTXu46v4Q450vd4,,,,,,,,,,,
Boochiboo Infra Private Limited,,,,,,,,"Dr.N Raju D.Litt.,USA",,,919776025560,https://www.linkedin.com/in/ACoAAA8bQpcBiCkHMsCRbfzUPwRvyqg9LX5FSSw,,,,,,,,,,,
Fresh Duniya,,,,,"Hyderabad, Telangana, India",,,Lavanya Alam,HR Executive,,,https://www.linkedin.com/in/ACoAAC29tWoBeEAEw_Uz2v_j8aQ2Yo2LLNv71xU,,,,,,,,,,,
Siemens,,,,,,,,Rajeshwari Krishnaswamy,,,,https://www.linkedin.com/in/ACoAAAo8dLIBF4A0HHFYZVCDBQBk0ztx8aeFc70,,,,,,,,,,,
Wipro Technologies,,,,,Greater Kolkata Area,,,Swati Poddar,HR Executive,,,https://www.linkedin.com/in/ACoAAAlUs50BHpZDpfE-tOQmUJZEX3bj-E250tM,,,,,,,,,,,
K Raheja Corp,,,,,"Mumbai, Maharashtra, India",,,Priya Singh,HR Executive,,,https://www.linkedin.com/in/ACoAACxyV-ABFv_kICAAFwIPY56mDIHoiSL0Y0o,,,,,,,,,,,
Impelsys India Pvt Ltd,,,,,,,,Kavitha Nandagopal,,,,[link removed]_-7YHfdzvUAgA,,,,,,,,,,,
Finacus Solutions,,,,,,,,Priyanka Yadav,,,919757438211,https://www.linkedin.com/in/ACoAACgc3ZMBiADwjwmmBTmTCE-hXWOhh4tyVwc,,,,,,,,,,,
HDFC Bank,,,,,Greater Delhi Area,,,Rahul k Giri,HR Executive,,9818962956,https://www.linkedin.com/in/ACoAABz8DMoBTML9GSI4dV55YTIiSpkSM3m1VVs,,,,,,,,,,,
Crédit Agricole CIB,,,,,,,,Shalini Fernandes,,,,https://www.linkedin.com/in/ACoAAAG5lsoBQfzc0xZQQcjpduw0jArMbbG2okw,,,,,,,,,,,
World of Financial Reporting,,,,,,,,Sandhya Sahasranaman,,,919619202829,https://www.linkedin.com/in/ACoAAAH8RkEBf9__jDYhuQR7ST-yxzSHpHglY-U,,,,,,,,,,,
Walta Elite,,,,,,,,HR Anshu Tyagi,,,9355120764,https://www.linkedin.com/in/ACoAADPCQYcBk0Qz9qr7QEEfxQTEDkOCKRZh7X8,,,,,,,,,,,
Spectra Motors Ltd,,,,,"Mumbai, Maharashtra, India",,,sachin Kamble,HR,,,https://www.linkedin.com/in/ACoAAAdZSdEB1BeWRo47-8M0ziRLNfSfVuf7GhY,,,,,,,,,,,
eka.care,,,,,,,,Nura Almas,,,,https://www.linkedin.com/in/ACoAABDWpEcBmut16qib7FLftj6sQD4FQbGEl9E,,,,,,,,,,,
Tata Consultancy Services,,,,,,,,Poonam Ghuge,,,,https://www.linkedin.com/in/ACoAAAZcfE4Bjr7HOTCbSVRiRAiVHF8WzQ7UN6c,,,,,,,,,,,
Synfosys Business Solutions Ltd,,,,,,,,Sridhar Pritila,,,919849504035,https://www.linkedin.com/in/ACoAAAVxWgYB9hsaWOhdcVPLPRz1_U4rlhb82CU,,,,,,,,,,,
Excelencia i Tech Consulting,,,,,,,,Balaji Prabhakaran,,,918956367956,https://www.linkedin.com/in/ACoAAEnFPOcBRbcT5u4gquy57ZgRKrSzAtYR7QU,,,,,,,,,,,
Accenture,,,,,"Mumbai, Maharashtra, India",,,sampa ghosh,HR Executive,,,https://www.linkedin.com/in/ACoAAAs9isABRZvhNT1NsX_6dEyOGfpWumJg6xc,,,,,,,,,,,
Tata AIG,,,,,,,,manish lala,,,919819810084,https://www.linkedin.com/in/ACoAAAl6XH0BIwSvy6d7p_rTKyrSA6BGIFt8p1I,,,,,,,,,,,
Coverfox Insurance,,,,,,,,Dipti Puri,,,919892468020,https://www.linkedin.com/in/ACoAAATBiQIBbWMUBQc4tCgSKfU3PyfS12r8fM0,,,,,,,,,,,
Sasken Technologies Limited,,,,,,,,Vidhya Venugopal,,,919886345780,https://www.linkedin.com/in/ACoAAAtI2JIBOlWerrEnb3et9JGggTyVgNH_wDE,,,,,,,,,,,
HCLTech,,,,,"Chennai, Tamil Nadu, India",,,Shervani A,HR Executive,,,https://www.linkedin.com/in/ACoAAA6q5JIB1x6F86vldOoNJQX-jGJX5heuaLo,,,,,,,,,,,
Absolute®,,,,,"Delhi, India",,,Aditi Nehra,Head of Human Resources,,,https://www.linkedin.com/in/ACoAAAA7KLQBTl9MiHNg7FQcHNwy4c4lQUKEPVs,,,,,,,,,,,
Jindal ITF,,,,,"Delhi, India",,,Neha Handa,HR Executive,,9871697703,https://www.linkedin.com/in/ACoAAAqiGfcB1Rt_QBUyYmGJItrYswTjRBFPBh4,,,,,,,,,,,
Rezayat Group,,,,,,,,Biji Banu,,,9962004653,https://www.linkedin.com/in/ACoAAAENS0wBgqB0NwxxwBkbg9kh43CsZt_j4Ts,,,,,,,,,,,
JP Group Services Private Limited,,,,,,,,Prem P 🏆,,,918374500244,https://www.linkedin.com/in/ACoAACHh950BqBkl0DY8ec6qLgNrRlF7Ye1flBw,,,,,,,,,,,
Wipro,,,,,,,,M.Mari Muthu,,,7502245664,https://www.linkedin.com/in/ACoAACdkDtgBJqr6y9_oxt0ThBRaEUpXP-DVkKc,,,,,,,,,,,
Innomatics Research Labs,,,,,,,,Kothapalli Swetha,,,8971269347,https://www.linkedin.com/in/ACoAABTceuUBhCUCSvDuoCKfXe3PiFpvd8q62EY,,,,,,,,,,,
Vetic,,,,,,,,Sukhpreet Singh,,,919711303865,https://www.linkedin.com/in/ACoAAAeDCCMBRxR9SQZdKDPDkmj99beymfh7PP0,,,,,,,,,,,
Lotte India Corporation Limited,,,,,,,,Baskar D,,,919786920463,https://www.linkedin.com/in/ACoAACi3hBYB_BzeS847kSMRNnyLcBsZUO7sL2c,,,,,,,,,,,
Visarj,,,,,,,,Kriti Badal,,,918297293333,https://www.linkedin.com/in/ACoAAA_hSDcBXcZvifgHduJZzfbVmykRGgx71VI,,,,,,,,,,,
Global Pharma Tek,,,,,,,,Gurrapu Ramya Krishna,,,915715996796,https://www.linkedin.com/in/ACoAABukCawBge9-gv9rybsCzexMpJMG3CvYo28,,,,,,,,,,,
DLK TECHNOLOGIES - INDIA,,,,,,,,Jaya Lakshmi,,,919003489458,https://www.linkedin.com/in/ACoAAA6e4vQBXd31bxuaLNb9WvV4RUc002esUAs,,,,,,,,,,,
Texperts India Pvt Ltd,,,,,,,,Mrinmayi Naik,,,919773229771,https://www.linkedin.com/in/ACoAAA6eez0BOwsx2SsKXFZ2I4Ar1T3mj0WELmQ,,,,,,,,,,,
Jindal Steel & Power Ltd.,,,,,,,,Meenu Sood,,,918797936838,https://www.linkedin.com/in/ACoAAAK5PQMB3kmZ1fups71LjsyvML--t3h11JE,,,,,,,,,,,
Recruitment agency,,,,,,,,Vikash kumar,,,,https://www.linkedin.com/in/ACoAAAVjsFoBKMKoqgphY6Q6StP8FY3SsSYydkQ,,,,,,,,,,,
Johnson & Johnson,,,,,,,,Urmila kumari Seth,,,919830309270,https://www.linkedin.com/in/ACoAACApATkBLiX7qyB2LrtP9LbUVt4Ww9aaSJE,,,,,,,,,,,
Hyundai Motor India Ltd.,,,,,,,,Sam Sawant,,,919769537292,https://www.linkedin.com/in/ACoAABxBnp0Bpf32rxE5hXs0p0mTCDblY6WN51M,,,,,,,,,,,
AyatiWorks,,,,,,,,Terence Montague Xavier,,,919840503033,https://www.linkedin.com/in/ACoAAAGMRQUB0afjgjasVjW5zmISzn0ebiILZ_4,,,,,,,,,,,
Jio,,,,,,,,Princy Jain,,,919829878986,https://www.linkedin.com/in/ACoAAAZ9mJkBOjZPlCOHc_A6zoQeAtzMpTL2btE,,,,,,,,,,,
KPMG,,,,,,,,Natasha Gandhi,,,,https://www.linkedin.com/in/ACoAAAXvx18BR7dj6ihZqzNZhopml3oicfnOnOo,,,,,,,,,,,
LiquiLoans,,,,,,,,Jeetendra Wadhel,,,,https://www.linkedin.com/in/ACoAAARZmwsBSa21_4dn15-dWZYy8rIP7xa3-z0,,,,,,,,,,,
Avaan Excess,,,,,,,,Nandini Tatishetty,,,919110570859,https://www.linkedin.com/in/ACoAAD--3e0BcQGYtKtuXd5yIIzyc_4dnI8jOBY,,,,,,,,,,,
Pfizer,,,,,,,,Reshma Parida,,,,https://www.linkedin.com/in/ACoAAADoRaMB_MT99pQHQDm4WuxoR_Fb49k6a6c,,,,,,,,,,,
Tata Consultancy Services,,,,,,,,Delnaz Siganporia,,,,https://www.linkedin.com/in/ACoAAArNhVMBpdLR2QVVtLMEMhVTZQK4E2EYMMk,,,,,,,,,,,
Vanator RPO,,,,,,,,Latikaa O.,,,,https://www.linkedin.com/in/ACoAAAWvuDcBcl47cGtSF3ylRWQMRx6Y6HtkbQI,,,,,,,,,,,
Exemplarr WorldWide,,,,,,,,Sivakumar K,,,919952038262,https://www.linkedin.com/in/ACoAAAMXjiABgTJDl5I8FcWzPk12AXM8meRTSc8,,,,,,,,,,,
Famous Studios,,,,,,,,Kalpana Chavan,,,919619884848,https://www.linkedin.com/in/ACoAAAtvtHEBMeNmiUEkAj8iIdClgTh3xPUf0ro,,,,,,,,,,,
AQM Technologies,,,,,,,,Zoheb Shaikh,,,919152294546,https://www.linkedin.com/in/ACoAAECfdykB4RsVGeMcX3ZcWqixQYGMqljTcCo,,,,,,,,,,,
HCL Technologies,,,,,,,,Avita Bhadra,,,919609701701,https://www.linkedin.com/in/ACoAAAzVDaMBH0fTvGxBBHyYQAhDFzkHNRdNRHk,,,,,,,,,,,
Tata Consultancy Services,,,,,,,,Kumar Mudaliar,,,,https://www.linkedin.com/in/ACoAAAXyyl8Bmge8zYfc1ihbaaNzNCp_Lb-M6_M,,,,,,,,,,,
HCL Technologies,,,,,,,,TARAB ZEHRA,,,919568830309,https://www.linkedin.com/in/ACoAADVnoKMBm7bKZ6WG3fIFDBSEzvMlJNQlaJ4,,,,,,,,,,,
Crystal Solutions Ltd,,,,,,,,Suman Roy,,,-6748641,https://www.linkedin.com/in/ACoAABrkCFIB3UjoBUCF-a5WrI_WaK1GvYAaESk,,,,,,,,,,,
IBM Global Services,,,,,,,,Deepa J,,,919886353853,https://www.linkedin.com/in/ACoAAAaEslkBCkPsHYRdGtYd9tRtut4Coa-N5r0,,,,,,,,,,,
HexaCorp LLC,,,,,,,,Sharanya Raman,,,919790850859,https://www.linkedin.com/in/ACoAABgYDSgBWRy1FXUlGtTXvrKhM91bhkU7qMI,,,,,,,,,,,
Tata Consultancy Services,,,,,,,,Salim Shaikh,,,,https://www.linkedin.com/in/ACoAAA2uMigBVNW1Vko1jV8bJjga5R-2q7__6SE,,,,,,,,,,,
EnergyScape Renewables,,,,,,,,Syam Mohan V P,,,,https://www.linkedin.com/in/ACoAAACpBBQBI7Tzon2GboiavthV9ew7wXNCUD0,,,,,,,,,,,
Gynoveda,,,,,,,,Pooja Nadarajan,,,919930409844,https://www.linkedin.com/in/ACoAADXxS3MBfrm2MHbQYYX_r_SHcbhGQRfLrdw,,,,,,,,,,,
Tech Mahindra,,,,,,,,Divya K S,,,919524161907,https://www.linkedin.com/in/ACoAAB8k3M0B0I7qB1sqAQ9mLES3An5GGI_7HkE,,,,,,,,,,,
Cognizant,,,,,,,,Sayani Dutta,,,919038700426,https://www.linkedin.com/in/ACoAABxa-JsBHJGAj01rO1udIjFtYBdJwtOqwMA,,,,,,,,,,,
Cognizant,,,,,,,,Gaurav Singh,,,919871490123,https://www.linkedin.com/in/ACoAAB3HKKMBxBuN1Q5C9s64VMd1Ce3Laz_c8rg,,,,,,,,,,,
Independent Consultant,,,,,,,,Dimpy Mehra,,,,https://www.linkedin.com/in/ACoAABeObsMBC9Oysx0eBtmDzChj7hYabgFXrnE,,,,,,,,,,,
ICICI Bank,,,,,,,,sabi singh,,,919310252672,https://www.linkedin.com/in/ACoAAB5bNaMBIYFUWksmdUDsqGm1gEbA0Ilnrhg,,,,,,,,,,,
Spectra Motors Ltd,,,,,,,,sachin Kamble,,,,https://www.linkedin.com/in/ACoAAAdZSdEB1BeWRo47-8M0ziRLNfSfVuf7GhY,,,,,,,,,,,
Infosys,,,,,,,,Mukesh Singh,,,919845137885,https://www.linkedin.com/in/ACoAAA5eu0YBFSNAU3Iv23rXm6MjMOSxFphmjgI,,,,,,,,,,,
HCLTech,,,,,,,,Dhanaraj D,,,919035157100,https://www.linkedin.com/in/ACoAAAq4ROcBZE2h05w8xJJrm2j-7wxT_5pXyXM,,,,,,,,,,,
Accenture,,,,,,,,sampa ghosh,,,,https://www.linkedin.com/in/ACoAAAs9isABRZvhNT1NsX_6dEyOGfpWumJg6xc,,,,,,,,,,,
